{
  "phi_bert": {
    "a": 2.342204708946768,
    "b": -1.0589199483123344,
    "n_samples": 961,
    "brier_score": 0.19213047178398812,
    "ece": 0.04226815347396723
  },
  "pii_bert": {
    "a": 0.15964839850540996,
    "b": 1.1746241659323873,
    "n_samples": 2494,
    "brier_score": 0.16709733460263293,
    "ece": 3.923819236195669e-07
  },
  "metadata": {
    "created_at": "2025-12-17T10:58:32.957988",
    "source_file": "calibration_data.json"
  }
}